id,Usage,label
0,Public,0
1,Private,4
2,Public,2
3,Public,0
4,Public,4
5,Private,1
6,Private,4
7,Private,1
8,Private,0
9,Public,2
10,Private,0
11,Private,1
12,Private,2
13,Public,0
14,Public,1
15,Public,1
16,Private,0
17,Private,0
18,Private,1
19,Private,0
20,Private,3
21,Private,5
22,Public,2
23,Private,5
24,Private,1
25,Public,2
26,Public,5
27,Private,5
28,Private,5
29,Private,5
30,Private,0
31,Public,2
32,Public,4
33,Private,1
34,Private,1
35,Private,2
36,Private,7
37,Public,4
38,Private,4
39,Private,4
40,Private,7
41,Public,4
42,Private,0
43,Private,7
44,Public,5
45,Public,0
46,Private,0
47,Public,3
48,Public,5
49,Public,1
50,Private,4
51,Public,5
52,Private,0
53,Private,2
54,Private,4
55,Public,4
56,Public,4
57,Private,1
58,Private,4
59,Private,1
60,Private,5
61,Private,1
62,Private,1
63,Private,4
64,Public,2
65,Public,1
66,Public,0
67,Public,1
68,Private,4
69,Private,4
70,Private,5
71,Private,4
72,Public,5
73,Public,1
74,Private,2
75,Public,0
76,Private,1
77,Public,2
78,Private,0
79,Private,2
80,Public,5
81,Public,1
82,Private,0
83,Private,1
84,Public,0
85,Private,4
86,Public,0
87,Public,0
88,Private,2
89,Private,4
90,Private,0
91,Public,0
92,Public,0
93,Private,5
94,Private,0
95,Public,4
96,Public,4
97,Public,5
98,Private,0
99,Private,5
100,Public,0
101,Private,1
102,Private,4
103,Private,5
104,Private,0
105,Private,0
106,Private,0
107,Private,4
108,Public,2
109,Private,5
110,Private,5
111,Private,5
112,Private,5
113,Public,1
114,Private,2
115,Private,5
116,Public,4
117,Public,2
118,Private,4
119,Public,5
120,Public,4
121,Private,5
122,Public,1
123,Private,0
124,Private,1
125,Private,2
126,Private,4
127,Private,0
128,Private,0
129,Private,3
130,Public,1
131,Private,0
132,Private,0
133,Private,4
134,Public,4
135,Public,0
136,Public,5
137,Public,1
138,Public,1
139,Public,6
140,Private,3
141,Private,0
142,Private,5
143,Private,0
144,Private,0
145,Private,1
146,Private,2
147,Public,0
148,Public,1
149,Private,1
150,Private,4
151,Public,0
152,Public,1
153,Private,0
154,Public,2
155,Private,4
156,Public,4
157,Private,4
158,Public,0
159,Public,4
160,Public,4
161,Private,4
162,Public,1
163,Public,4
164,Private,5
165,Public,0
166,Private,6
167,Public,0
168,Public,1
169,Public,5
170,Public,4
171,Private,1
172,Private,4
173,Private,0
174,Private,4
175,Private,0
176,Public,0
177,Private,4
178,Private,2
179,Private,5
180,Public,0
181,Private,4
182,Private,4
183,Public,0
184,Private,0
185,Public,0
186,Private,1
187,Private,0
188,Private,0
189,Private,0
190,Private,2
191,Public,0
192,Private,5
193,Public,5
194,Public,1
195,Private,5
196,Private,5
197,Private,0
198,Private,1
199,Private,0
200,Public,1
201,Private,4
202,Private,4
203,Private,5
204,Public,0
205,Public,1
206,Private,2
207,Private,2
208,Public,5
209,Private,5
210,Public,2
211,Public,1
212,Private,1
213,Public,0
214,Public,5
215,Private,1
216,Private,5
217,Private,1
218,Public,2
219,Private,4
220,Private,1
221,Public,5
222,Private,4
223,Public,4
224,Public,0
225,Private,0
226,Public,4
227,Private,2
228,Private,0
229,Public,4
230,Private,2
231,Public,4
232,Public,0
233,Private,5
234,Private,5
235,Private,0
236,Public,1
237,Private,1
238,Private,0
239,Public,0
240,Private,0
241,Private,1
242,Private,5
243,Private,4
244,Private,0
245,Public,1
246,Private,5
247,Public,4
248,Public,1
249,Public,6
250,Public,0
251,Private,3
252,Public,4
253,Private,5
254,Public,5
255,Public,1
256,Private,5
257,Private,1
258,Private,0
259,Private,4
260,Public,1
261,Private,6
262,Private,1
263,Public,5
264,Private,7
265,Private,0
266,Public,1
267,Public,3
268,Private,1
269,Private,5
270,Public,5
271,Private,0
272,Public,5
273,Private,2
274,Private,2
275,Private,0
276,Private,0
277,Private,4
278,Private,0
279,Private,0
280,Public,0
281,Private,0
282,Private,1
283,Private,0
284,Public,0
285,Public,1
286,Private,1
287,Public,4
288,Public,1
289,Private,4
290,Private,0
291,Private,1
292,Private,3
293,Private,0
294,Private,1
295,Private,4
296,Private,0
297,Private,5
298,Public,1
299,Private,0
300,Private,2
301,Private,5
302,Private,0
303,Private,5
304,Private,1
305,Private,1
306,Private,2
307,Private,5
308,Private,5
309,Public,4
310,Public,0
311,Private,2
312,Private,4
313,Private,5
314,Private,1
315,Public,0
316,Private,7
317,Public,0
318,Public,2
319,Public,6
320,Private,5
321,Private,0
322,Private,1
323,Private,2
324,Private,5
325,Private,0
326,Private,5
327,Public,0
328,Private,5
329,Private,5
330,Public,2
331,Private,0
332,Public,1
333,Private,0
334,Public,1
335,Private,1
336,Private,1
337,Public,4
338,Public,4
339,Private,0
340,Public,4
341,Public,2
342,Private,3
343,Private,4
344,Public,1
345,Private,2
346,Private,5
347,Public,0
348,Private,2
349,Private,2
350,Private,5
351,Private,0
352,Private,0
353,Private,2
354,Public,4
355,Private,0
356,Private,1
357,Private,0
358,Private,0
359,Private,0
360,Private,0
361,Private,0
362,Private,4
363,Private,4
364,Private,0
365,Private,3
366,Private,2
367,Private,0
368,Private,2
369,Private,5
370,Private,5
371,Private,1
372,Private,4
373,Private,1
374,Public,2
375,Public,5
376,Private,1
377,Public,4
378,Private,4
379,Public,4
380,Private,5
381,Private,4
382,Public,4
383,Private,4
384,Public,0
385,Private,1
386,Private,2
387,Private,4
388,Private,2
389,Private,1
390,Private,1
391,Private,5
392,Private,0
393,Private,4
394,Private,5
395,Private,5
396,Private,4
397,Private,4
398,Private,1
399,Public,5
400,Private,1
401,Public,1
402,Private,0
403,Private,5
404,Public,5
405,Private,0
406,Private,1
407,Private,0
408,Public,0
409,Public,1
410,Private,4
411,Private,1
412,Public,0
413,Private,0
414,Private,4
415,Private,0
416,Public,2
417,Public,0
418,Private,5
419,Public,5
420,Private,1
421,Public,4
422,Private,2
423,Public,2
424,Private,5
425,Public,5
426,Private,5
427,Public,1
428,Private,4
429,Public,0
430,Public,2
431,Private,5
432,Private,4
433,Private,5
434,Private,5
435,Public,5
436,Public,1
437,Public,4
438,Private,0
439,Private,0
440,Public,0
441,Public,5
442,Private,5
443,Public,0
444,Private,4
445,Public,5
446,Private,0
447,Private,5
448,Private,4
449,Private,5
450,Private,0
451,Private,4
452,Private,0
453,Public,2
454,Private,1
455,Private,1
456,Private,1
457,Private,1
458,Private,0
459,Public,1
460,Private,0
461,Private,5
462,Public,1
463,Private,3
464,Private,1
465,Public,2
466,Public,5
467,Private,2
468,Private,5
469,Public,5
470,Private,2
471,Private,5
472,Private,1
473,Private,0
474,Private,2
475,Private,0
476,Public,4
477,Private,3
478,Public,0
479,Private,0
480,Public,4
481,Private,5
482,Private,1
483,Private,2
484,Public,1
485,Public,3
486,Public,1
487,Private,0
488,Private,4
489,Private,5
490,Private,0
491,Public,4
492,Private,5
493,Private,5
494,Public,0
495,Public,5
496,Private,5
497,Private,1
498,Private,5
499,Public,4
500,Private,5
501,Public,4
502,Private,5
503,Private,1
504,Private,1
505,Public,0
506,Private,4
507,Public,2
508,Private,0
509,Public,1
510,Private,4
511,Private,2
512,Public,1
513,Private,0
514,Private,5
515,Private,5
516,Public,1
517,Private,4
518,Private,1
519,Private,1
520,Private,2
521,Public,1
522,Public,5
523,Public,1
524,Private,7
525,Public,0
526,Private,1
527,Private,2
528,Private,2
529,Public,2
530,Private,2
531,Public,2
532,Public,5
533,Public,5
534,Private,0
535,Private,5
536,Public,1
537,Public,0
538,Private,1
539,Private,2
540,Private,0
541,Public,0
542,Public,3
543,Private,5
544,Private,0
545,Private,0
546,Private,0
547,Private,2
548,Public,1
549,Private,2
550,Public,4
551,Private,0
552,Private,0
553,Private,5
554,Private,5
555,Private,1
556,Private,0
557,Public,5
558,Public,0
559,Private,3
560,Private,5
561,Private,2
562,Public,1
563,Private,1
564,Private,0
565,Public,1
566,Private,2
567,Public,1
568,Private,4
569,Public,0
570,Public,2
571,Private,4
572,Private,5
573,Private,5
574,Private,5
575,Public,1
576,Private,4
577,Private,1
578,Private,1
579,Private,5
580,Private,1
581,Private,0
582,Private,2
583,Private,4
584,Private,1
585,Public,4
586,Private,1
587,Private,1
588,Private,5
589,Private,0
590,Private,4
591,Private,5
592,Private,0
593,Public,4
594,Public,0
595,Public,1
596,Private,1
597,Private,2
598,Private,5
599,Public,0
600,Private,5
601,Private,2
602,Public,2
603,Private,1
604,Private,2
605,Private,0
606,Public,2
607,Private,5
608,Public,0
609,Public,4
610,Private,0
611,Public,3
612,Public,1
613,Private,2
614,Public,0
615,Private,2
616,Private,1
617,Private,4
618,Public,0
619,Private,4
620,Private,2
621,Public,1
622,Private,0
623,Private,2
624,Private,1
625,Public,1
626,Private,0
627,Private,4
628,Private,0
629,Public,6
630,Private,1
631,Private,6
632,Private,0
633,Public,1
634,Public,0
635,Public,5
636,Public,5
637,Private,1
638,Private,1
639,Public,1
640,Private,1
641,Private,1
642,Private,2
643,Private,1
644,Private,4
645,Public,4
646,Private,2
647,Private,6
648,Private,1
649,Private,4
650,Public,0
651,Private,0
652,Private,2
653,Private,5
654,Private,0
655,Private,1
656,Private,0
657,Private,4
658,Public,2
659,Private,5
660,Private,0
661,Private,1
662,Private,6
663,Private,2
664,Private,1
665,Private,0
666,Private,5
667,Private,0
668,Private,3
669,Public,2
670,Private,2
671,Private,0
672,Private,2
673,Public,5
674,Private,0
675,Private,4
676,Public,1
677,Public,1
678,Private,7
679,Public,1
680,Private,0
681,Public,0
682,Public,1
683,Private,0
684,Private,1
685,Private,4
686,Private,0
687,Private,4
688,Private,4
689,Public,0
690,Public,1
691,Public,4
692,Public,1
693,Public,0
694,Private,1
695,Private,4
696,Public,2
697,Private,6
698,Public,2
699,Private,2
700,Private,5
701,Private,0
702,Public,0
703,Private,1
704,Private,5
705,Public,1
706,Private,2
707,Public,0
708,Private,4
709,Public,5
710,Private,4
711,Private,4
712,Private,0
713,Public,1
714,Private,0
715,Private,0
716,Private,1
717,Private,2
718,Private,4
719,Private,1
720,Private,2
721,Private,1
722,Public,1
723,Private,0
724,Private,0
725,Public,5
726,Public,0
727,Private,5
728,Private,3
729,Private,0
730,Public,5
731,Private,7
732,Private,0
733,Public,2
734,Private,1
735,Private,1
736,Private,5
737,Private,0
738,Public,1
739,Private,0
740,Public,0
741,Private,0
742,Private,1
743,Private,5
744,Private,4
745,Private,1
746,Private,5
747,Public,1
748,Private,1
749,Private,4
750,Private,4
751,Private,5
752,Private,4
753,Private,0
754,Private,1
755,Private,0
756,Public,1
757,Private,1
758,Private,1
759,Private,1
760,Private,1
761,Private,4
762,Private,4
763,Public,0
764,Private,0
765,Public,1
766,Private,5
767,Public,1
768,Private,0
769,Public,0
770,Public,0
771,Public,0
772,Private,1
773,Private,5
774,Public,5
775,Private,5
776,Private,1
777,Private,3
778,Public,4
779,Private,6
780,Private,4
781,Private,0
782,Public,4
783,Private,0
784,Private,0
785,Private,0
786,Private,5
787,Public,4
788,Private,4
789,Private,2
790,Public,1
791,Private,4
792,Private,1
793,Public,3
794,Private,0
795,Public,2
796,Public,0
797,Public,2
798,Private,0
799,Public,5
800,Public,0
801,Public,5
802,Public,3
803,Private,1
804,Private,0
805,Private,5
806,Public,2
807,Public,2
808,Private,4
809,Public,0
810,Private,0
811,Private,1
812,Private,1
813,Public,3
814,Private,4
815,Private,4
816,Private,1
817,Public,4
818,Private,4
819,Private,1
820,Public,1
821,Private,4
822,Public,1
823,Public,4
824,Public,3
825,Private,3
826,Private,2
827,Private,1
828,Private,4
829,Public,4
830,Private,0
831,Public,5
832,Private,2
833,Private,1
834,Public,0
835,Private,1
836,Private,5
837,Public,0
838,Public,4
839,Private,5
840,Public,4
841,Private,4
842,Private,0
843,Public,6
844,Private,4
845,Private,4
846,Private,1
847,Public,0
848,Public,1
849,Public,5
850,Private,5
851,Private,1
852,Public,4
853,Private,4
854,Public,4
855,Private,5
856,Private,0
857,Private,1
858,Private,0
859,Private,1
860,Private,1
861,Public,5
862,Public,3
863,Private,4
864,Private,4
865,Private,2
866,Private,2
867,Private,5
868,Public,0
869,Private,5
870,Public,3
871,Private,3
872,Private,4
873,Private,0
874,Public,1
875,Private,1
876,Private,0
877,Private,2
878,Public,3
879,Public,0
880,Public,4
881,Public,2
882,Public,2
883,Public,3
884,Private,5
885,Private,3
886,Private,6
887,Private,4
888,Private,5
889,Public,4
890,Private,0
891,Public,4
892,Private,2
893,Public,5
894,Private,1
895,Public,4
896,Private,1
897,Private,0
898,Private,7
899,Public,5
900,Private,5
901,Private,5
902,Private,0
903,Private,3
904,Public,5
905,Private,0
906,Public,1
907,Public,1
908,Public,5
909,Private,0
910,Private,0
911,Public,1
912,Private,1
913,Private,1
914,Private,5
915,Private,1
916,Private,4
917,Private,5
918,Public,1
919,Public,4
920,Public,0
921,Private,2
922,Private,0
923,Private,5
924,Private,0
925,Private,5
926,Public,1
927,Private,5
928,Private,1
929,Public,2
930,Private,0
931,Private,0
932,Private,0
933,Public,0
934,Private,5
935,Public,0
936,Public,0
937,Public,1
938,Public,0
939,Private,0
940,Public,5
941,Private,1
942,Private,4
943,Private,0
944,Private,4
945,Public,1
946,Public,6
947,Public,1
948,Private,4
949,Public,0
950,Public,2
951,Private,0
952,Private,5
953,Private,4
954,Public,1
955,Private,1
956,Private,0
957,Private,5
958,Private,0
959,Public,2
960,Private,5
961,Private,1
962,Private,1
963,Public,4
964,Private,1
965,Private,0
966,Private,1
967,Private,5
968,Public,1
969,Public,5
970,Private,0
971,Private,4
972,Private,1
973,Public,0
974,Private,0
975,Public,1
976,Public,0
977,Public,5
978,Public,4
979,Private,0
980,Public,2
981,Private,1
982,Private,0
983,Public,5
984,Private,4
985,Public,4
986,Public,1
987,Private,0
988,Private,0
989,Private,4
990,Private,1
991,Public,6
992,Private,0
993,Private,5
994,Private,0
995,Private,4
996,Private,1
997,Public,0
998,Private,4
999,Public,5
1000,Private,1
1001,Public,5
1002,Private,2
1003,Private,2
1004,Private,2
1005,Private,0
1006,Private,5
1007,Private,1
1008,Public,0
1009,Private,1
1010,Private,1
1011,Private,2
1012,Private,4
1013,Private,1
1014,Private,0
1015,Private,5
1016,Private,3
1017,Private,5
1018,Private,5
1019,Private,0
1020,Public,0
1021,Private,2
1022,Public,2
1023,Public,4
1024,Private,2
1025,Public,0
1026,Private,1
1027,Private,5
1028,Public,1
1029,Private,0
1030,Public,5
1031,Private,1
1032,Private,0
1033,Private,0
1034,Private,5
1035,Private,2
1036,Private,4
1037,Private,3
1038,Private,1
1039,Private,0
1040,Private,5
1041,Public,1
1042,Private,0
1043,Public,0
1044,Public,4
1045,Private,4
1046,Private,1
1047,Public,7
1048,Private,1
1049,Private,1
1050,Private,0
1051,Private,4
1052,Public,1
1053,Public,4
1054,Private,1
1055,Private,0
1056,Private,0
1057,Private,4
1058,Private,0
1059,Public,5
1060,Public,1
1061,Private,4
1062,Private,0
1063,Public,7
1064,Private,5
1065,Public,0
1066,Private,1
1067,Public,1
1068,Private,3
1069,Private,0
1070,Private,4
1071,Private,5
1072,Public,2
1073,Private,1
1074,Public,1
1075,Public,1
1076,Public,0
1077,Private,4
1078,Private,0
1079,Private,7
1080,Private,1
1081,Public,5
1082,Private,5
1083,Private,0
1084,Public,1
1085,Private,1
1086,Public,2
1087,Private,0
1088,Private,1
1089,Private,4
1090,Private,1
1091,Private,4
1092,Public,5
1093,Private,0
1094,Public,5
1095,Private,0
1096,Public,5
1097,Private,0
1098,Private,1
1099,Private,0
1100,Private,1
1101,Private,0
1102,Private,5
1103,Private,4
1104,Private,0
1105,Private,0
1106,Private,0
1107,Public,4
1108,Private,2
1109,Private,4
1110,Private,5
1111,Private,1
1112,Private,2
1113,Public,4
1114,Public,0
1115,Private,0
1116,Private,1
1117,Private,1
1118,Private,1
1119,Private,0
1120,Private,2
1121,Public,5
1122,Private,1
1123,Public,1
1124,Public,1
1125,Public,1
1126,Private,1
1127,Private,4
1128,Public,4
1129,Private,0
1130,Public,2
1131,Public,4
1132,Private,5
1133,Private,4
1134,Public,2
1135,Public,1
1136,Private,1
1137,Private,4
1138,Private,1
1139,Private,2
1140,Private,5
1141,Public,5
1142,Public,0
1143,Private,1
1144,Public,4
1145,Private,2
1146,Private,4
1147,Private,1
1148,Private,1
1149,Private,0
1150,Private,1
1151,Public,1
1152,Public,5
1153,Private,1
1154,Public,0
1155,Private,2
1156,Private,5
1157,Public,4
1158,Private,4
1159,Private,1
1160,Private,1
1161,Private,5
1162,Public,4
1163,Private,5
1164,Private,1
1165,Private,0
1166,Private,2
1167,Private,0
1168,Public,4
1169,Private,0
1170,Private,3
1171,Private,4
1172,Private,2
1173,Private,0
1174,Public,0
1175,Private,5
1176,Public,1
1177,Public,2
1178,Public,1
1179,Public,0
1180,Private,0
1181,Public,2
1182,Private,4
1183,Private,2
1184,Public,0
1185,Private,5
1186,Public,5
1187,Private,0
1188,Private,1
1189,Private,2
1190,Private,4
1191,Public,5
1192,Public,1
1193,Private,4
1194,Private,3
1195,Private,3
1196,Private,0
1197,Public,0
1198,Public,5
1199,Private,0
1200,Public,4
1201,Private,2
1202,Private,2
1203,Private,4
1204,Private,5
1205,Private,2
1206,Public,0
1207,Public,1
1208,Private,5
1209,Public,4
1210,Public,2
1211,Private,1
1212,Public,5
1213,Public,0
1214,Public,5
1215,Private,5
1216,Private,5
1217,Public,4
1218,Private,0
1219,Private,2
1220,Private,4
1221,Private,4
1222,Private,1
1223,Public,0
1224,Private,5
1225,Public,0
1226,Private,5
1227,Private,0
1228,Public,4
1229,Private,1
1230,Private,1
1231,Private,4
1232,Public,4
1233,Private,1
1234,Public,7
1235,Public,2
1236,Public,1
1237,Private,5
1238,Private,5
1239,Private,3
1240,Public,0
1241,Private,5
1242,Public,1
1243,Public,5
1244,Private,0
1245,Private,1
1246,Public,1
1247,Public,2
1248,Private,7
1249,Private,1
1250,Public,5
1251,Public,0
1252,Public,1
1253,Public,0
1254,Private,1
1255,Public,1
1256,Private,5
1257,Private,4
1258,Public,5
1259,Private,1
1260,Private,5
1261,Private,0
1262,Private,4
1263,Public,5
1264,Public,5
1265,Public,4
1266,Public,0
1267,Private,0
1268,Public,0
1269,Private,1
1270,Public,0
1271,Private,4
1272,Private,0
1273,Private,5
1274,Private,0
1275,Private,5
1276,Private,3
1277,Public,4
1278,Private,1
1279,Private,1
1280,Private,0
1281,Private,0
1282,Public,4
1283,Public,0
1284,Private,1
1285,Private,1
1286,Public,0
1287,Private,2
1288,Public,2
1289,Public,1
1290,Private,4
1291,Public,4
1292,Private,1
1293,Public,4
1294,Public,5
1295,Private,1
1296,Private,0
1297,Private,5
1298,Private,0
1299,Private,4
1300,Private,5
1301,Public,1
1302,Private,2
1303,Private,0
1304,Private,2
1305,Private,5
1306,Private,2
1307,Private,0
1308,Private,0
1309,Public,5
1310,Private,1
1311,Private,5
1312,Public,1
1313,Private,4
1314,Public,4
1315,Private,4
1316,Private,0
1317,Private,2
1318,Public,5
1319,Public,1
1320,Private,1
1321,Public,4
1322,Private,5
1323,Private,0
1324,Private,3
1325,Private,1
1326,Private,5
1327,Public,1
1328,Public,1
1329,Private,3
1330,Private,1
1331,Public,5
1332,Public,0
1333,Private,4
1334,Private,4
1335,Public,3
1336,Private,2
1337,Private,0
1338,Private,4
1339,Private,4
1340,Private,5
1341,Private,4
1342,Private,4
1343,Private,1
1344,Public,0
1345,Public,1
1346,Private,1
1347,Public,2
1348,Private,1
1349,Public,3
1350,Public,0
1351,Private,4
1352,Private,2
1353,Private,5
1354,Public,2
1355,Public,0
1356,Private,1
1357,Public,5
1358,Public,1
1359,Private,0
1360,Private,0
1361,Public,2
1362,Private,4
1363,Public,5
1364,Public,1
1365,Private,2
1366,Private,2
1367,Public,4
1368,Private,0
1369,Private,2
1370,Private,1
1371,Private,2
1372,Private,1
1373,Private,0
1374,Public,5
1375,Private,1
1376,Private,5
1377,Public,1
1378,Private,5
1379,Private,0
1380,Private,1
1381,Private,4
1382,Private,1
1383,Public,1
1384,Private,4
1385,Public,5
1386,Private,1
1387,Public,4
1388,Private,5
1389,Public,4
1390,Private,0
1391,Private,0
1392,Private,1
1393,Private,0
1394,Private,5
1395,Private,5
1396,Private,0
1397,Private,5
1398,Public,5
1399,Private,4
1400,Public,0
1401,Private,0
1402,Private,4
1403,Public,1
1404,Private,1
1405,Private,0
1406,Private,1
1407,Public,0
1408,Public,2
1409,Private,3
1410,Private,0
1411,Public,1
1412,Private,4
1413,Public,2
1414,Private,3
1415,Private,1
1416,Public,0
1417,Public,0
1418,Private,2
1419,Private,1
1420,Private,4
1421,Private,5
1422,Public,0
1423,Private,4
1424,Public,4
1425,Private,5
1426,Private,5
1427,Public,0
1428,Private,1
1429,Private,0
1430,Private,0
1431,Public,0
1432,Public,0
1433,Private,1
1434,Public,1
1435,Public,0
1436,Private,2
1437,Private,3
1438,Private,5
1439,Public,0
1440,Private,0
1441,Public,5
1442,Private,5
1443,Private,4
1444,Public,5
1445,Private,5
1446,Private,4
1447,Private,5
1448,Public,5
1449,Public,0
1450,Private,1
1451,Public,5
1452,Public,7
1453,Private,5
1454,Private,0
1455,Private,3
1456,Private,1
1457,Private,2
1458,Private,0
1459,Private,1
1460,Private,0
1461,Private,5
1462,Public,0
1463,Public,1
1464,Private,1
1465,Private,4
1466,Private,2
1467,Private,1
1468,Private,5
1469,Private,0
1470,Private,4
1471,Public,0
1472,Public,0
1473,Private,5
1474,Private,0
1475,Private,0
1476,Private,5
1477,Public,4
1478,Private,1
1479,Private,0
1480,Public,2
1481,Private,1
1482,Private,0
1483,Private,4
1484,Private,4
1485,Public,3
1486,Private,2
1487,Private,4
1488,Private,1
1489,Public,1
1490,Public,1
1491,Public,5
1492,Private,0
1493,Private,4
1494,Private,1
1495,Private,0
1496,Private,5
1497,Private,0
1498,Private,1
1499,Private,2
1500,Private,3
1501,Public,5
1502,Private,0
1503,Public,5
1504,Private,1
1505,Private,5
1506,Private,5
1507,Private,4
1508,Private,5
1509,Private,0
1510,Private,4
1511,Private,3
1512,Private,0
1513,Private,0
1514,Private,3
1515,Public,0
1516,Public,0
1517,Private,0
1518,Private,0
1519,Private,2
1520,Public,5
1521,Public,4
1522,Private,1
1523,Public,4
1524,Private,4
1525,Private,0
1526,Private,0
1527,Private,4
1528,Public,1
1529,Private,2
1530,Private,1
1531,Public,2
1532,Private,4
1533,Public,4
1534,Private,2
1535,Private,5
1536,Private,0
1537,Public,5
1538,Private,1
1539,Private,1
1540,Private,3
1541,Private,5
1542,Public,2
1543,Public,3
1544,Private,4
1545,Public,5
1546,Private,1
1547,Public,1
1548,Public,5
1549,Private,0
1550,Private,1
1551,Private,5
1552,Public,1
1553,Public,5
1554,Private,5
1555,Private,5
1556,Private,1
1557,Private,2
1558,Private,1
1559,Private,3
1560,Private,0
1561,Private,2
1562,Private,1
1563,Public,3
1564,Private,0
1565,Public,5
1566,Public,1
1567,Public,3
1568,Private,0
1569,Public,4
1570,Public,5
1571,Private,4
1572,Private,1
1573,Private,1
1574,Private,1
1575,Private,5
1576,Private,0
1577,Private,0
1578,Private,4
1579,Public,1
1580,Private,5
1581,Private,4
1582,Private,0
1583,Private,5
1584,Private,4
1585,Private,1
1586,Private,5
1587,Private,2
1588,Private,4
1589,Private,5
1590,Private,2
1591,Private,4
1592,Private,5
1593,Private,5
1594,Private,0
1595,Private,1
1596,Public,1
1597,Private,2
1598,Private,0
1599,Public,0
1600,Public,1
1601,Public,2
1602,Public,3
1603,Public,5
1604,Public,0
1605,Public,5
1606,Public,1
1607,Private,6
1608,Private,1
1609,Private,5
1610,Public,0
1611,Public,4
1612,Private,0
1613,Public,1
1614,Private,1
1615,Private,0
1616,Public,0
1617,Public,0
1618,Public,1
1619,Private,0
1620,Private,5
1621,Public,0
1622,Public,4
1623,Private,0
1624,Public,1
1625,Private,1
1626,Public,4
1627,Private,2
1628,Private,1
1629,Private,4
1630,Private,2
1631,Private,0
1632,Private,5
1633,Private,0
1634,Private,1
1635,Private,4
1636,Public,5
1637,Public,0
1638,Public,6
1639,Private,5
1640,Public,4
1641,Public,2
1642,Private,4
1643,Public,1
1644,Private,4
1645,Private,0
1646,Private,0
1647,Public,1
1648,Private,1
1649,Public,1
1650,Private,1
1651,Private,0
1652,Public,0
1653,Private,5
1654,Private,0
1655,Private,4
1656,Private,5
1657,Private,0
1658,Public,1
1659,Public,1
1660,Public,0
1661,Public,5
1662,Private,1
1663,Private,0
1664,Private,5
1665,Private,5
1666,Private,0
1667,Public,0
1668,Public,1
1669,Private,4
1670,Private,4
1671,Private,4
1672,Private,4
1673,Private,2
1674,Public,5
1675,Private,0
1676,Private,0
1677,Public,0
1678,Public,2
1679,Public,4
1680,Public,4
1681,Private,0
1682,Private,0
1683,Public,1
1684,Private,0
1685,Public,0
1686,Public,5
1687,Private,1
1688,Public,0
1689,Private,0
1690,Public,0
1691,Private,2
1692,Public,0
1693,Public,1
1694,Public,3
1695,Private,5
1696,Private,5
1697,Private,0
1698,Private,3
1699,Public,3
1700,Private,4
1701,Private,1
1702,Private,1
1703,Private,1
1704,Private,4
1705,Private,4
1706,Private,5
1707,Private,5
1708,Private,1
1709,Private,5
1710,Public,1
1711,Private,1
1712,Private,5
1713,Private,1
1714,Private,4
1715,Private,2
1716,Private,5
1717,Private,5
1718,Public,4
1719,Public,0
1720,Public,1
1721,Private,0
1722,Private,1
1723,Private,2
1724,Private,4
1725,Private,4
1726,Private,4
1727,Private,1
1728,Private,6
1729,Public,3
1730,Private,4
1731,Private,1
1732,Public,4
1733,Private,4
1734,Public,1
1735,Public,4
1736,Private,0
1737,Private,1
1738,Public,0
1739,Public,2
1740,Private,3
1741,Private,1
1742,Private,1
1743,Private,1
1744,Private,2
1745,Private,0
1746,Private,1
1747,Private,4
1748,Private,4
1749,Private,1
1750,Private,0
1751,Private,1
1752,Public,0
1753,Public,1
1754,Public,0
1755,Private,5
1756,Private,1
1757,Private,1
1758,Private,1
1759,Public,1
1760,Private,1
1761,Private,0
1762,Private,1
1763,Private,4
1764,Private,0
1765,Private,1
1766,Private,4
1767,Private,1
1768,Private,1
1769,Private,1
1770,Private,5
1771,Private,1
1772,Private,0
1773,Public,5
1774,Public,4
1775,Private,1
1776,Private,5
1777,Private,6
1778,Public,7
1779,Private,0
1780,Private,0
1781,Public,0
1782,Public,5
1783,Private,4
1784,Private,2
1785,Private,5
1786,Private,0
1787,Private,2
1788,Private,1
1789,Public,1
1790,Private,1
1791,Private,1
1792,Private,1
1793,Private,0
1794,Public,1
1795,Public,5
1796,Private,4
1797,Private,2
1798,Private,4
1799,Private,4
1800,Private,4
1801,Private,0
1802,Private,2
1803,Public,5
1804,Private,1
1805,Private,0
1806,Public,0
1807,Private,4
1808,Private,0
1809,Public,3
1810,Public,5
1811,Private,2
1812,Private,3
1813,Private,2
1814,Private,0
1815,Public,7
1816,Public,0
1817,Private,3
1818,Private,4
1819,Public,5
1820,Private,3
1821,Private,0
1822,Private,5
1823,Public,5
1824,Private,4
1825,Public,5
1826,Private,5
1827,Private,5
1828,Private,1
1829,Public,1
1830,Private,0
1831,Private,0
1832,Private,1
1833,Public,0
1834,Private,5
1835,Private,5
1836,Private,0
1837,Private,4
1838,Private,4
1839,Private,4
1840,Public,5
1841,Private,2
1842,Public,4
1843,Public,1
1844,Private,5
1845,Private,4
1846,Public,0
1847,Private,4
1848,Private,1
1849,Private,4
1850,Private,1
1851,Private,5
1852,Private,1
1853,Public,5
1854,Public,4
1855,Public,3
1856,Private,0
1857,Private,1
1858,Private,2
1859,Public,4
1860,Public,5
1861,Private,2
1862,Private,4
1863,Public,4
1864,Public,7
1865,Private,4
1866,Private,4
1867,Public,0
1868,Private,2
1869,Private,2
1870,Private,0
1871,Private,1
1872,Private,2
1873,Public,2
1874,Private,5
1875,Private,5
1876,Public,1
1877,Private,1
1878,Private,5
1879,Private,5
1880,Private,5
1881,Private,0
1882,Private,1
1883,Private,4
1884,Private,0
1885,Private,5
1886,Public,0
1887,Private,2
1888,Public,4
1889,Public,0
1890,Private,4
1891,Private,1
1892,Private,0
1893,Public,0
1894,Public,0
1895,Private,5
1896,Private,1
1897,Private,1
1898,Public,0
1899,Private,2
1900,Private,1
1901,Private,5
1902,Private,1
1903,Public,0
1904,Private,1
1905,Public,1
1906,Public,2
1907,Public,4
1908,Public,5
1909,Public,4
1910,Public,4
1911,Public,4
1912,Public,0
1913,Public,2
1914,Public,4
1915,Private,1
1916,Public,0
1917,Public,5
1918,Public,1
1919,Private,4
1920,Private,1
1921,Private,0
1922,Private,4
1923,Private,1
1924,Private,2
1925,Private,5
1926,Private,0
1927,Public,5
1928,Private,5
1929,Private,2
1930,Private,0
1931,Public,6
1932,Private,5
1933,Private,1
1934,Private,1
1935,Private,1
1936,Public,4
1937,Private,5
1938,Public,1
1939,Private,1
1940,Private,1
1941,Public,3
1942,Public,5
1943,Private,0
1944,Private,5
1945,Private,5
1946,Private,0
1947,Private,4
1948,Private,3
1949,Private,2
1950,Public,5
1951,Private,3
1952,Private,2
1953,Private,0
1954,Private,4
1955,Public,0
1956,Public,0
1957,Private,2
1958,Private,5
1959,Public,1
1960,Private,0
1961,Private,4
1962,Private,1
1963,Private,3
1964,Private,1
1965,Private,5
1966,Private,5
1967,Private,4
1968,Public,1
1969,Private,4
1970,Public,1
1971,Public,1
1972,Private,0
1973,Public,4
1974,Private,5
1975,Private,1
1976,Public,2
1977,Public,5
1978,Public,5
1979,Private,5
1980,Private,0
1981,Private,0
1982,Public,1
1983,Private,4
1984,Public,0
1985,Private,4
1986,Private,5
1987,Public,5
1988,Public,5
1989,Private,1
1990,Public,4
1991,Public,1
1992,Private,1
1993,Private,4
1994,Public,0
1995,Public,4
1996,Private,1
1997,Private,0
1998,Private,0
1999,Public,1
2000,Public,1
2001,Private,1
2002,Private,4
2003,Private,1
2004,Private,4
2005,Public,1
2006,Private,0
2007,Public,5
2008,Private,2
2009,Private,5
2010,Private,1
2011,Public,1
2012,Public,0
2013,Private,0
2014,Private,5
2015,Private,1
2016,Public,1
2017,Public,0
2018,Public,1
2019,Public,4
2020,Private,0
2021,Private,0
2022,Public,4
2023,Private,1
2024,Private,0
2025,Private,7
2026,Private,4
2027,Private,3
2028,Private,1
2029,Public,2
2030,Private,0
2031,Private,2
2032,Private,3
2033,Private,4
2034,Public,1
2035,Private,0
2036,Public,4
2037,Private,1
2038,Private,1
2039,Public,0
2040,Private,4
2041,Private,0
2042,Private,5
2043,Private,4
2044,Public,3
2045,Private,1
2046,Private,1
2047,Private,4
2048,Private,1
2049,Private,2
2050,Public,4
2051,Private,0
2052,Private,2
2053,Private,0
2054,Private,1
2055,Public,1
2056,Public,0
2057,Private,5
2058,Private,0
2059,Private,4
2060,Private,4
2061,Private,4
2062,Private,5
2063,Private,1
2064,Public,4
2065,Private,5
2066,Private,5
2067,Public,0
2068,Private,0
2069,Private,4
2070,Public,5
2071,Public,0
2072,Private,1
2073,Public,1
2074,Public,7
2075,Public,5
2076,Private,1
2077,Private,4
2078,Public,4
2079,Private,1
2080,Public,5
2081,Private,4
2082,Private,5
2083,Public,0
2084,Private,5
2085,Public,4
2086,Public,5
2087,Private,4
2088,Private,4
2089,Private,4
2090,Private,5
2091,Private,4
2092,Private,1
2093,Private,1
2094,Public,5
2095,Private,1
2096,Private,0
2097,Public,2
2098,Private,5
2099,Public,0
2100,Public,1
2101,Private,1
2102,Public,2
2103,Private,2
2104,Private,2
2105,Private,4
2106,Private,2
2107,Private,0
2108,Private,0
2109,Private,3
2110,Private,4
2111,Private,0
2112,Public,4
2113,Private,5
2114,Private,1
2115,Private,1
2116,Private,0
2117,Private,6
2118,Private,0
2119,Private,2
2120,Public,0
2121,Private,0
2122,Private,0
2123,Private,0
2124,Private,0
2125,Private,5
2126,Public,3
2127,Public,0
2128,Private,0
2129,Public,0
2130,Private,0
2131,Private,0
2132,Private,2
2133,Private,0
2134,Private,1
2135,Private,4
2136,Private,5
2137,Private,1
2138,Private,4
2139,Public,1
2140,Private,0
2141,Public,2
2142,Private,0
2143,Private,0
2144,Private,1
2145,Private,0
2146,Private,3
2147,Private,0
2148,Private,2
2149,Private,1
2150,Private,2
2151,Public,0
2152,Private,1
2153,Private,4
2154,Private,0
2155,Private,0
2156,Private,2
2157,Public,0
2158,Private,5
2159,Private,5
2160,Public,5
2161,Public,1
2162,Private,1
2163,Public,5
2164,Private,1
2165,Private,1
2166,Private,4
2167,Public,5
2168,Public,5
2169,Private,0
2170,Private,1
2171,Public,4
2172,Public,4
2173,Public,0
2174,Public,0
2175,Public,5
2176,Private,5
2177,Private,0
2178,Private,1
2179,Private,1
2180,Private,5
2181,Private,5
2182,Public,2
2183,Public,5
2184,Private,3
2185,Public,5
2186,Private,0
2187,Private,5
2188,Public,2
2189,Public,2
2190,Private,2
2191,Public,5
2192,Public,4
2193,Private,1
2194,Public,0
2195,Public,0
2196,Private,1
2197,Public,1
2198,Public,1
2199,Private,1
2200,Public,0
2201,Private,5
2202,Private,5
2203,Private,5
2204,Private,1
2205,Private,4
2206,Private,1
2207,Private,4
2208,Private,1
2209,Private,0
2210,Private,1
2211,Private,5
2212,Private,4
2213,Private,1
2214,Private,0
2215,Public,0
2216,Private,0
2217,Private,5
2218,Public,0
2219,Private,1
2220,Private,0
2221,Private,6
2222,Public,1
2223,Public,1
2224,Private,0
2225,Private,0
2226,Private,5
2227,Public,0
2228,Public,4
2229,Private,5
2230,Private,0
2231,Private,2
2232,Private,5
2233,Private,5
2234,Private,4
2235,Private,0
2236,Public,0
2237,Private,4
2238,Private,0
2239,Private,0
2240,Private,0
2241,Private,1
2242,Public,1
2243,Private,0
2244,Public,5
2245,Public,4
2246,Public,0
2247,Private,0
2248,Private,2
2249,Public,4
2250,Private,0
2251,Public,0
2252,Public,0
2253,Public,1
2254,Public,5
2255,Public,0
2256,Public,1
2257,Public,4
2258,Private,1
2259,Private,0
2260,Private,1
2261,Public,1
2262,Private,2
2263,Private,0
2264,Private,0
2265,Public,0
2266,Public,5
2267,Public,1
2268,Private,0
2269,Private,4
2270,Private,2
2271,Private,0
2272,Private,0
2273,Private,1
2274,Private,3
2275,Private,6
2276,Public,1
2277,Private,4
2278,Private,0
2279,Public,0
2280,Private,4
2281,Private,0
2282,Public,2
2283,Private,5
2284,Public,3
2285,Public,2
2286,Public,0
2287,Private,3
2288,Public,1
2289,Private,2
2290,Public,4
2291,Public,0
2292,Private,4
2293,Private,4
2294,Private,5
2295,Public,5
2296,Private,5
2297,Private,4
2298,Public,2
2299,Private,5
2300,Public,1
2301,Private,1
2302,Private,0
2303,Public,0
2304,Private,3
2305,Private,7
2306,Private,0
2307,Public,5
2308,Public,0
2309,Private,1
2310,Private,1
2311,Public,5
2312,Public,1
2313,Public,1
2314,Private,0
2315,Public,4
2316,Public,2
2317,Private,2
2318,Private,0
2319,Public,0
2320,Private,5
2321,Private,0
2322,Private,1
2323,Private,0
2324,Private,1
2325,Public,4
2326,Private,0
2327,Public,4
2328,Private,1
2329,Private,1
2330,Private,5
2331,Public,1
2332,Public,1
2333,Public,1
2334,Private,1
2335,Private,5
2336,Public,1
2337,Public,0
2338,Private,5
2339,Public,4
2340,Public,0
2341,Public,4
2342,Private,4
2343,Private,4
2344,Private,2
2345,Private,4
2346,Private,5
2347,Private,1
2348,Private,0
2349,Public,1
2350,Private,5
2351,Public,0
2352,Private,1
2353,Private,1
2354,Private,5
2355,Private,1
2356,Private,4
2357,Public,2
2358,Private,5
2359,Private,1
2360,Private,2
2361,Private,5
2362,Private,1
2363,Public,0
2364,Public,1
2365,Public,1
2366,Public,0
2367,Private,1
2368,Private,5
2369,Private,0
2370,Private,1
2371,Public,0
2372,Private,0
2373,Public,4
2374,Public,5
2375,Private,0
2376,Private,4
2377,Private,5
2378,Public,4
2379,Private,7
2380,Public,0
2381,Private,1
2382,Private,1
2383,Private,1
2384,Private,1
2385,Private,5
2386,Public,0
2387,Private,2
2388,Private,2
2389,Public,0
2390,Public,4
2391,Private,1
2392,Public,1
2393,Private,0
2394,Public,2
2395,Private,0
2396,Private,1
2397,Private,0
2398,Private,4
2399,Public,2
2400,Public,0
2401,Public,1
2402,Public,1
2403,Private,1
2404,Private,0
2405,Private,6
2406,Public,0
2407,Public,1
2408,Public,5
2409,Public,0
2410,Public,5
2411,Private,0
2412,Private,2
2413,Public,2
2414,Private,5
2415,Private,4
2416,Private,1
2417,Private,5
2418,Private,0
2419,Private,2
2420,Private,0
2421,Private,5
2422,Private,2
2423,Private,4
2424,Private,1
2425,Public,1
2426,Private,0
2427,Public,2
2428,Private,0
2429,Private,0
2430,Private,4
2431,Private,0
2432,Public,2
2433,Private,1
2434,Public,0
2435,Public,2
2436,Public,5
2437,Private,1
2438,Private,3
2439,Public,0
2440,Private,1
2441,Private,1
2442,Private,1
2443,Private,4
2444,Private,7
2445,Private,0
2446,Public,0
2447,Public,2
2448,Private,5
2449,Private,2
2450,Private,1
2451,Private,4
2452,Private,2
2453,Public,1
2454,Public,5
2455,Public,0
2456,Private,2
2457,Public,5
2458,Public,2
2459,Private,1
2460,Private,4
2461,Private,1
2462,Private,3
2463,Private,0
2464,Private,1
2465,Public,5
2466,Public,5
2467,Private,0
2468,Public,4
2469,Private,4
2470,Private,0
2471,Private,1
2472,Private,1
2473,Private,1
2474,Private,4
2475,Private,0
2476,Private,0
2477,Private,2
2478,Private,0
2479,Private,2
2480,Private,3
2481,Private,3
2482,Private,0
2483,Private,0
2484,Public,1
2485,Public,0
2486,Public,4
2487,Public,1
2488,Private,5
2489,Private,0
2490,Private,1
2491,Private,4
2492,Private,0
2493,Private,5
2494,Private,4
2495,Private,0
2496,Private,1
2497,Private,1
2498,Private,0
2499,Public,1
2500,Public,5
2501,Private,5
2502,Public,5
2503,Public,1
2504,Private,4
2505,Private,3
2506,Public,5
2507,Public,4
2508,Private,6
2509,Public,0
2510,Private,0
2511,Private,1
2512,Private,1
2513,Public,1
2514,Private,1
2515,Private,5
2516,Private,1
2517,Public,0
2518,Private,5
2519,Private,2
2520,Private,1
2521,Public,1
2522,Private,1
2523,Private,0
2524,Private,5
2525,Public,3
2526,Private,1
2527,Private,2
2528,Private,5
2529,Public,2
2530,Private,4
2531,Private,5
2532,Private,0
2533,Private,1
2534,Private,6
2535,Public,1
2536,Public,1
2537,Public,0
2538,Private,7
2539,Private,6
2540,Public,5
2541,Public,0
2542,Public,2
2543,Public,0
2544,Private,5
2545,Private,1
2546,Public,2
2547,Private,0
2548,Public,0
2549,Private,5
2550,Private,1
2551,Public,2
2552,Private,2
2553,Public,4
2554,Private,5
2555,Private,0
2556,Private,1
2557,Private,4
2558,Private,4
2559,Private,2
2560,Private,5
2561,Private,1
2562,Private,0
2563,Private,5
2564,Public,5
2565,Private,5
2566,Public,5
2567,Public,4
2568,Private,1
2569,Private,5
2570,Public,5
2571,Public,0
2572,Private,5
2573,Public,4
2574,Private,2
2575,Private,0
2576,Private,0
2577,Private,0
2578,Private,1
2579,Private,0
2580,Public,2
2581,Private,1
2582,Private,4
2583,Private,4
2584,Public,0
2585,Private,1
2586,Private,0
2587,Private,1
2588,Private,1
2589,Private,0
2590,Private,0
2591,Public,0
2592,Private,1
2593,Private,1
2594,Public,4
2595,Private,1
2596,Private,1
2597,Public,3
2598,Private,0
2599,Public,4
2600,Private,2
2601,Public,1
2602,Private,5
2603,Public,1
2604,Private,1
2605,Public,5
2606,Public,4
2607,Public,0
2608,Private,5
2609,Private,1
2610,Public,1
2611,Public,4
2612,Private,7
2613,Private,3
2614,Public,0
2615,Private,1
2616,Private,4
2617,Private,0
2618,Public,0
2619,Public,0
2620,Private,5
2621,Private,1
2622,Private,0
2623,Private,4
2624,Public,0
2625,Public,1
2626,Public,4
2627,Private,1
2628,Private,1
2629,Private,0
2630,Public,0
2631,Public,4
2632,Public,4
2633,Public,0
2634,Public,0
2635,Public,4
2636,Public,0
2637,Private,1
2638,Private,1
2639,Public,1
2640,Private,2
2641,Private,4
2642,Private,4
2643,Private,0
2644,Public,0
2645,Public,0
2646,Private,2
2647,Private,4
2648,Private,4
2649,Private,1
2650,Private,5
2651,Private,4
2652,Public,5
2653,Public,4
2654,Public,1
2655,Private,1
2656,Private,3
2657,Public,5
2658,Private,0
2659,Private,1
2660,Private,4
2661,Private,4
2662,Public,1
2663,Public,4
2664,Private,1
2665,Private,0
2666,Public,0
2667,Public,0
2668,Public,0
2669,Private,3
2670,Public,4
2671,Private,5
2672,Public,0
2673,Private,4
2674,Private,1
2675,Public,4
2676,Private,5
2677,Private,5
2678,Public,5
2679,Public,3
2680,Private,3
2681,Private,1
2682,Public,0
2683,Private,0
2684,Public,0
2685,Private,1
2686,Private,1
2687,Public,2
2688,Private,3
2689,Private,1
2690,Private,0
2691,Private,1
2692,Public,5
2693,Private,5
2694,Private,4
2695,Public,4
2696,Private,4
2697,Public,2
2698,Private,1
2699,Public,3
2700,Public,5
2701,Public,0
2702,Public,7
2703,Public,5
2704,Private,0
2705,Private,0
2706,Private,4
2707,Private,4
2708,Private,1
2709,Private,1
2710,Private,0
2711,Private,1
2712,Private,5
2713,Private,0
2714,Public,1
2715,Private,0
2716,Public,2
2717,Public,1
2718,Private,5
2719,Private,0
2720,Private,5
2721,Public,1
2722,Private,5
2723,Public,1
2724,Public,0
2725,Private,1
2726,Private,1
2727,Private,0
2728,Private,0
2729,Private,3
2730,Private,5
2731,Private,1
2732,Private,2
2733,Public,1
2734,Public,1
2735,Private,5
2736,Private,0
2737,Public,1
2738,Private,0
2739,Private,0
2740,Private,0
2741,Private,3
2742,Private,0
2743,Private,0
2744,Private,0
2745,Private,3
2746,Private,0
2747,Private,5
2748,Public,4
2749,Private,0
2750,Public,1
2751,Private,1
2752,Public,2
2753,Private,5
2754,Private,0
2755,Private,0
2756,Public,5
2757,Private,0
2758,Private,0
2759,Public,0
2760,Public,5
2761,Private,0
2762,Private,4
2763,Private,5
2764,Public,0
2765,Public,0
2766,Private,4
2767,Private,0
2768,Private,1
2769,Public,4
2770,Private,2
2771,Private,5
2772,Private,4
2773,Private,2
2774,Private,2
2775,Public,2
2776,Private,1
2777,Private,1
2778,Private,4
2779,Public,2
2780,Private,5
2781,Public,4
2782,Private,0
2783,Private,0
2784,Private,0
2785,Public,0
2786,Private,1
2787,Private,0
2788,Private,4
2789,Private,5
2790,Private,1
2791,Private,1
2792,Public,3
2793,Private,2
2794,Private,1
2795,Private,1
2796,Private,4
2797,Public,0
2798,Private,1
2799,Private,1
2800,Public,0
2801,Private,5
2802,Private,0
2803,Private,2
2804,Private,4
2805,Private,0
2806,Public,2
2807,Private,3
2808,Private,0
2809,Public,5
2810,Private,0
2811,Public,3
2812,Private,4
2813,Private,5
2814,Private,4
2815,Public,1
2816,Private,0
2817,Public,4
2818,Public,0
2819,Public,0
2820,Public,1
2821,Public,5
2822,Public,5
2823,Private,4
2824,Private,0
2825,Private,0
2826,Private,4
2827,Private,5
2828,Private,5
2829,Private,0
2830,Private,1
2831,Private,0
2832,Private,4
2833,Private,2
2834,Public,2
2835,Private,4
2836,Private,0
2837,Public,0
2838,Public,5
2839,Private,4
2840,Public,4
2841,Private,1
2842,Private,4
2843,Private,4
2844,Private,4
2845,Private,0
2846,Private,2
2847,Private,4
2848,Private,0
2849,Private,0
2850,Private,2
2851,Public,1
2852,Public,5
2853,Private,5
2854,Public,0
2855,Public,1
2856,Private,5
2857,Private,0
2858,Public,4
2859,Private,0
2860,Private,0
2861,Public,1
2862,Private,0
2863,Private,2
2864,Private,5
2865,Private,4
2866,Private,3
2867,Private,4
2868,Private,5
2869,Private,1
2870,Private,4
2871,Private,3
2872,Private,1
2873,Private,0
2874,Private,2
2875,Private,0
2876,Private,1
2877,Public,0
2878,Private,0
2879,Private,4
2880,Private,1
2881,Private,2
2882,Private,3
2883,Private,0
2884,Private,1
2885,Private,5
2886,Private,0
2887,Private,1
2888,Public,4
2889,Private,1
2890,Private,2
2891,Private,2
2892,Private,3
2893,Private,5
2894,Private,5
2895,Public,5
2896,Public,5
2897,Public,1
2898,Private,5
2899,Public,4
2900,Private,5
2901,Private,1
2902,Private,5
2903,Public,5
2904,Public,1
2905,Private,0
2906,Public,1
2907,Public,5
2908,Private,5
2909,Private,0
2910,Public,4
2911,Private,0
2912,Private,4
2913,Private,4
2914,Public,4
2915,Private,2
2916,Private,0
2917,Private,0
2918,Private,1
2919,Private,3
2920,Public,4
2921,Private,5
2922,Private,5
2923,Public,1
2924,Public,1
2925,Private,1
2926,Public,5
2927,Private,2
2928,Private,1
2929,Private,5
2930,Private,5
2931,Public,0
2932,Private,1
2933,Public,0
2934,Private,6
2935,Public,0
2936,Private,5
2937,Private,2
2938,Private,1
2939,Private,0
2940,Private,1
2941,Private,1
2942,Private,4
2943,Private,2
2944,Private,5
2945,Public,0
2946,Private,2
2947,Private,5
2948,Public,0
2949,Public,0
2950,Private,0
2951,Public,6
2952,Private,0
2953,Public,1
2954,Private,1
2955,Public,5
2956,Public,1
2957,Private,1
2958,Private,1
2959,Public,1
2960,Private,5
2961,Public,0
2962,Public,1
2963,Private,4
2964,Public,3
2965,Private,1
2966,Public,0
2967,Public,1
2968,Private,1
2969,Private,1
2970,Private,4
2971,Public,5
2972,Private,5
2973,Private,1
2974,Private,6
2975,Public,4
2976,Private,2
2977,Private,2
2978,Private,5
2979,Public,3
2980,Public,5
2981,Private,5
2982,Private,4
2983,Private,0
2984,Private,4
2985,Private,0
2986,Private,4
2987,Private,3
2988,Private,0
2989,Private,2
2990,Public,2
2991,Private,0
2992,Private,0
2993,Public,5
2994,Private,5
2995,Private,5
2996,Private,4
2997,Private,2
2998,Private,0
2999,Public,1
3000,Private,0
3001,Private,1
3002,Private,4
3003,Private,0
3004,Public,5
3005,Private,3
3006,Private,0
3007,Private,0
3008,Public,1
3009,Private,0
3010,Public,4
3011,Private,0
3012,Private,5
3013,Private,1
3014,Private,2
3015,Public,2
3016,Private,0
3017,Public,0
3018,Private,0
3019,Public,5
3020,Public,2
3021,Private,0
3022,Private,1
3023,Public,1
3024,Private,1
3025,Private,5
3026,Private,1
3027,Private,0
3028,Private,0
3029,Public,2
3030,Private,4
3031,Public,1
3032,Private,4
3033,Private,5
3034,Private,1
3035,Public,5
3036,Private,0
3037,Public,1
3038,Private,4
3039,Private,4
3040,Private,1
3041,Private,1
3042,Private,4
3043,Public,5
